{
    "setup_data": {
        "questionnaireId": null,
        "token": "174|5eMIma1ZoZIUjyXWmbpFscEOXjphrWDbhdfNouchc2e01b3d"
    },
    "root_group": {
        "path": "",
        "id": "d41d8cd98f00b204e9800998ecf8427e",
        "groups": {},
        "checks": {
                "summary status 200": {
                    "name": "summary status 200",
                    "path": "::summary status 200",
                    "id": "14a7af35bdfe9048de5bd6f287362e64",
                    "passes": 142,
                    "fails": 29
                }
            },
        "name": ""
    },
    "metrics": {
        "http_req_failed": {
            "passes": 29,
            "fails": 143,
            "thresholds": {
                "rate<0.01": true
            },
            "value": 0.1686046511627907
        },
        "http_req_duration": {
            "p(90)": 14997.78885,
            "p(95)": 14999.40203,
            "p(99)": 14999.886346,
            "max": 15000.3563,
            "avg": 3872.0636511627913,
            "med": 1916.93775,
            "thresholds": {
                "p(95)<1500": true,
                "p(99)<3000": true
            }
        },
        "http_req_duration{expected_response:true}": {
            "max": 14221.8228,
            "avg": 1615.674073426574,
            "med": 681.6233,
            "p(90)": 2315.24862,
            "p(95)": 7318.025830000017,
            "p(99)": 9511.361752000026
        },
        "http_req_tls_handshaking": {
            "p(95)": 0,
            "p(99)": 0,
            "max": 0,
            "avg": 0,
            "med": 0,
            "p(90)": 0
        },
        "checks": {
            "fails": 29,
            "passes": 142,
            "thresholds": {
                "rate>0.99": true
            },
            "value": 0.8304093567251462
        },
        "vus": {
            "value": 2,
            "min": 0,
            "max": 15
        },
        "http_reqs": {
            "count": 172,
            "rate": 2.014821891993851
        },
        "http_req_waiting": {
            "med": 1914.5798,
            "p(90)": 14997.78885,
            "p(95)": 14999.33371,
            "p(99)": 14999.777716,
            "max": 15000.3563,
            "avg": 3869.9701162790698
        },
        "http_req_connecting": {
            "avg": 3.5347674418604624,
            "med": 3.54175,
            "p(90)": 5.11149,
            "p(95)": 5.440654999999999,
            "p(99)": 6.385514999999998,
            "max": 6.8859
        },
        "http_req_receiving": {
            "avg": 1.990459302325581,
            "med": 2.2512499999999998,
            "p(90)": 2.75211,
            "p(95)": 3.1476849999999996,
            "p(99)": 3.9955789999999918,
            "max": 9.1946
        },
        "vus_max": {
            "value": 15,
            "min": 15,
            "max": 15
        },
        "http_req_blocked": {
            "max": 6.8859,
            "avg": 3.5823034883720903,
            "med": 3.5850999999999997,
            "p(90)": 5.21957,
            "p(95)": 5.729279999999999,
            "p(99)": 6.518787
        },
        "iteration_duration": {
            "max": 15190.9518,
            "avg": 4020.2536719298228,
            "med": 2040.4847,
            "p(90)": 15106.2873,
            "p(95)": 15143.39495,
            "p(99)": 15171.82734
        },
        "data_received": {
            "count": 111754,
            "rate": 1309.0953820807026
        },
        "iterations": {
            "count": 171,
            "rate": 2.003107811226445
        },
        "data_sent": {
            "count": 38549,
            "rate": 451.5660995027382
        },
        "http_req_sending": {
            "p(99)": 0.7383299999999999,
            "max": 1.9637,
            "avg": 0.10307558139534884,
            "med": 0,
            "p(90)": 0.55135,
            "p(95)": 0.61226
        }
    }
}