{
    "metrics": {
        "http_req_sending": {
            "p(90)": 0,
            "p(95)": 0.55576,
            "p(99)": 0.6309400000000001,
            "max": 0.7921,
            "avg": 0.05425321100917432,
            "med": 0
        },
        "data_sent": {
            "count": 24437,
            "rate": 497.75945204247375
        },
        "http_req_connecting": {
            "max": 12.726,
            "avg": 3.514594495412843,
            "med": 3.1505,
            "p(90)": 5.364120000000001,
            "p(95)": 7.1281799999999915,
            "p(99)": 11.831704000000002
        },
        "http_req_failed": {
            "passes": 20,
            "fails": 89,
            "thresholds": {
                "rate<0.01": true
            },
            "value": 0.1834862385321101
        },
        "http_req_blocked": {
            "p(90)": 5.393960000000001,
            "p(95)": 7.1281799999999915,
            "p(99)": 11.831704000000002,
            "max": 14.2943,
            "avg": 3.566061467889907,
            "med": 3.1622
        },
        "iteration_duration": {
            "avg": 4435.642522222221,
            "med": 2123.7015499999998,
            "p(90)": 15286.951729999999,
            "p(95)": 15346.104795000001,
            "p(99)": 15390.91951,
            "max": 15400.6026
        },
        "http_req_duration{expected_response:true}": {
            "p(90)": 1954.44996,
            "p(95)": 2012.06332,
            "p(99)": 2105.9633,
            "max": 2116.3913,
            "avg": 1691.3733764044944,
            "med": 1768.511
        },
        "vus": {
            "value": 1,
            "min": 1,
            "max": 10
        },
        "http_req_waiting": {
            "p(99)": 14999.392432,
            "max": 14999.843,
            "avg": 4130.714026605505,
            "med": 1795.7892,
            "p(90)": 14997.2323,
            "p(95)": 14998.21272
        },
        "vus_max": {
            "value": 10,
            "min": 10,
            "max": 10
        },
        "http_req_tls_handshaking": {
            "avg": 0,
            "med": 0,
            "p(90)": 0,
            "p(95)": 0,
            "p(99)": 0,
            "max": 0
        },
        "http_req_receiving": {
            "max": 5.3557,
            "avg": 2.072923853211009,
            "med": 2.3181,
            "p(90)": 3.0922,
            "p(95)": 3.3677599999999996,
            "p(99)": 5.117676000000002
        },
        "http_req_duration": {
            "p(99)": 14999.392432,
            "max": 14999.843,
            "avg": 4132.8412036697255,
            "med": 1798.5677,
            "p(90)": 14997.2323,
            "p(95)": 14998.21272,
            "thresholds": {
                "p(95)<1800": true,
                "p(99)<3500": true
            }
        },
        "http_reqs": {
            "rate": 2.2202308087175036,
            "count": 109
        },
        "data_received": {
            "rate": 1504.1758192711263,
            "count": 73846
        },
        "iterations": {
            "count": 108,
            "rate": 2.1998617187292697
        },
        "checks": {
            "passes": 88,
            "fails": 20,
            "thresholds": {
                "rate>0.99": true
            },
            "value": 0.8148148148148148
        }
    },
    "setup_data": {
        "questionnaireId": null,
        "token": "175|ZEHG59V4TVrH0GVENMRF6fcv3We3aGj3QufcDE8e4f499b6d"
    },
    "root_group": {
        "name": "",
        "path": "",
        "id": "d41d8cd98f00b204e9800998ecf8427e",
        "groups": {},
        "checks": {
                "summary status 200": {
                    "name": "summary status 200",
                    "path": "::summary status 200",
                    "id": "14a7af35bdfe9048de5bd6f287362e64",
                    "passes": 88,
                    "fails": 20
                }
            }
    }
}