{
    "metrics": {
        "http_req_failed": {
            "passes": 29,
            "fails": 136,
            "thresholds": {
                "rate<0.01": true
            },
            "value": 0.17575757575757575
        },
        "http_req_duration{expected_response:true}": {
            "avg": 5526.093502941177,
            "med": 3504.8011500000002,
            "p(90)": 7267.28695,
            "p(95)": 24630.986525,
            "p(99)": 24895.459815,
            "max": 24927.7418
        },
        "http_req_blocked": {
            "p(95)": 22.518779999999985,
            "p(99)": 26.504203999999998,
            "max": 29.7493,
            "avg": 4.732745454545456,
            "med": 3.1105,
            "p(90)": 8.17215999999999
        },
        "iterations": {
            "rate": 1.8431334518415694,
            "count": 164
        },
        "vus": {
            "min": 5,
            "max": 20,
            "value": 5
        },
        "data_received": {
            "rate": 1200.7340121631298,
            "count": 106840
        },
        "http_req_connecting": {
            "p(90)": 8.018079999999987,
            "p(95)": 22.518779999999985,
            "p(99)": 26.504203999999998,
            "max": 28.9524,
            "avg": 4.655877575757577,
            "med": 3.0573
        },
        "http_reqs": {
            "count": 165,
            "rate": 1.8543720704503595
        },
        "http_req_sending": {
            "avg": 0.08125333333333333,
            "med": 0,
            "p(90)": 0.52054,
            "p(95)": 0.5794799999999999,
            "p(99)": 0.6723359999999997,
            "max": 1.0115
        },
        "http_req_waiting": {
            "avg": 9825.208212727273,
            "med": 3558.0276,
            "p(90)": 29997.70636,
            "p(95)": 29998.98512,
            "p(99)": 29999.57176,
            "max": 30000.0334
        },
        "vus_max": {
            "min": 20,
            "max": 20,
            "value": 20
        },
        "data_sent": {
            "rate": 415.6153547716651,
            "count": 36981
        },
        "iteration_duration": {
            "avg": 10243.142908536587,
            "med": 3966.348,
            "p(90)": 30253.79352,
            "p(95)": 30400.610275000003,
            "p(99)": 30526.605001,
            "max": 30595.5426
        },
        "http_req_receiving": {
            "avg": 1.9500527272727275,
            "med": 2.2872,
            "p(90)": 2.8784,
            "p(95)": 3.05224,
            "p(99)": 3.546696,
            "max": 3.9987
        },
        "http_req_duration": {
            "p(95)": 29998.98512,
            "p(99)": 29999.57176,
            "max": 30000.0334,
            "avg": 9827.23951878788,
            "med": 3560.8615,
            "p(90)": 29997.82456,
            "thresholds": {
                "p(95)<1800": true,
                "p(99)<3500": true
            }
        },
        "http_req_tls_handshaking": {
            "p(90)": 0,
            "p(95)": 0,
            "p(99)": 0,
            "max": 0,
            "avg": 0,
            "med": 0
        },
        "checks": {
            "passes": 135,
            "fails": 29,
            "thresholds": {
                "rate>0.99": true
            },
            "value": 0.823170731707317
        }
    },
    "setup_data": {
        "questionnaireId": null,
        "token": "170|1JiGr19Rm7Z4SqIwOgOU9Yd13e0EIwoRceJkJqZLa76af509"
    },
    "root_group": {
        "name": "",
        "path": "",
        "id": "d41d8cd98f00b204e9800998ecf8427e",
        "groups": {},
        "checks": {
                "summary status 200": {
                    "fails": 29,
                    "name": "summary status 200",
                    "path": "::summary status 200",
                    "id": "14a7af35bdfe9048de5bd6f287362e64",
                    "passes": 135
                }
            }
    }
}