{
    "metrics": {
        "vus": {
            "max": 25,
            "value": 3,
            "min": 0
        },
        "vus_max": {
            "max": 25,
            "value": 25,
            "min": 25
        },
        "iterations": {
            "count": 103,
            "rate": 1.3249424547584217
        },
        "http_req_tls_handshaking": {
            "max": 0,
            "avg": 0,
            "med": 0,
            "p(90)": 0,
            "p(95)": 0,
            "p(99)": 0
        },
        "http_req_duration": {
            "max": 14999.6274,
            "avg": 9578.38838269231,
            "med": 14995.76975,
            "p(90)": 14999.132940000001,
            "p(95)": 14999.366405,
            "p(99)": 14999.503811,
            "thresholds": {
                "p(95)<2500": true,
                "p(99)<5000": true
            }
        },
        "http_req_waiting": {
            "p(90)": 14999.1064,
            "p(95)": 14999.301965,
            "p(99)": 14999.503811,
            "max": 14999.6274,
            "avg": 9577.162579807697,
            "med": 14995.76975
        },
        "data_received": {
            "count": 46468,
            "rate": 597.7419998807218
        },
        "http_req_receiving": {
            "avg": 1.1873923076923076,
            "med": 0,
            "p(90)": 2.7534500000000004,
            "p(95)": 2.9368149999999997,
            "p(99)": 3.833228999999999,
            "max": 3.9182
        },
        "iteration_duration": {
            "avg": 9927.188537864078,
            "med": 15116.8945,
            "p(90)": 15340.72772,
            "p(95)": 15393.74583,
            "p(99)": 15398.17654,
            "max": 15398.3153
        },
        "checks": {
            "passes": 49,
            "fails": 54,
            "thresholds": {
                "rate>0.98": true
            },
            "value": 0.47572815533980584
        },
        "http_reqs": {
            "count": 104,
            "rate": 1.3378059737366588
        },
        "http_req_duration{expected_response:true}": {
            "avg": 3725.1295560000003,
            "med": 3259.1959500000003,
            "p(90)": 9351.810640000002,
            "p(95)": 11342.705059999997,
            "p(99)": 13467.347894,
            "max": 13478.9606
        },
        "data_sent": {
            "count": 23317,
            "rate": 299.9386720155545
        },
        "http_req_blocked": {
            "max": 5.1715,
            "avg": 2.5490673076923076,
            "med": 2.4538,
            "p(90)": 3.76295,
            "p(95)": 4.088945,
            "p(99)": 4.911181
        },
        "http_req_connecting": {
            "p(99)": 4.911181,
            "max": 5.1715,
            "avg": 2.5255249999999996,
            "med": 2.4538,
            "p(90)": 3.7311199999999998,
            "p(95)": 4.088945
        },
        "http_req_sending": {
            "med": 0,
            "p(90)": 0,
            "p(95)": 0.5013799999999993,
            "p(99)": 0.62451,
            "max": 0.7716,
            "avg": 0.03841057692307692
        },
        "http_req_failed": {
            "fails": 50,
            "passes": 54,
            "thresholds": {
                "rate<0.02": true
            },
            "value": 0.5192307692307693
        }
    },
    "setup_data": {
        "questionnaireId": null,
        "token": "176|HJxgS2htSfiLrRRjDHpsrNJmSao0vbkJKHROvy5Sa296a9fe"
    },
    "root_group": {
        "checks": {
            "summary status 200": {
                "name": "summary status 200",
                "path": "::summary status 200",
                "id": "14a7af35bdfe9048de5bd6f287362e64",
                "passes": 49,
                "fails": 54
            }
        },
        "name": "",
        "path": "",
        "id": "d41d8cd98f00b204e9800998ecf8427e",
        "groups": {}
    }
}