{
    "root_group": {
        "name": "",
        "path": "",
        "id": "d41d8cd98f00b204e9800998ecf8427e",
        "groups": {},
        "checks": {}
    },
    "metrics": {
        "http_req_blocked": {
            "avg": 5.3152,
            "med": 5.3152,
            "p(90)": 5.3152,
            "p(95)": 5.3152,
            "p(99)": 5.3152,
            "max": 5.3152
        },
        "http_req_connecting": {
            "avg": 5.3152,
            "med": 5.3152,
            "p(90)": 5.3152,
            "p(95)": 5.3152,
            "p(99)": 5.3152,
            "max": 5.3152
        },
        "http_req_tls_handshaking": {
            "avg": 0,
            "med": 0,
            "p(90)": 0,
            "p(95)": 0,
            "p(99)": 0,
            "max": 0
        },
        "http_req_sending": {
            "avg": 0.5588,
            "med": 0.5588,
            "p(90)": 0.5588,
            "p(95)": 0.5588,
            "p(99)": 0.5588,
            "max": 0.5588
        },
        "http_reqs": {
            "count": 1,
            "rate": 1.103447545303694
        },
        "data_sent": {
            "count": 210,
            "rate": 231.72398451377578
        },
        "checks": {
            "passes": 0,
            "fails": 0,
            "thresholds": {
                "rate>0.99": false
            },
            "value": 0
        },
        "http_req_waiting": {
            "avg": 891.4934,
            "med": 891.4934,
            "p(90)": 891.4934,
            "p(95)": 891.4934,
            "p(99)": 891.4934,
            "max": 891.4934
        },
        "http_req_failed": {
            "passes": 0,
            "fails": 1,
            "thresholds": {
                "rate<0.01": false
            },
            "value": 0
        },
        "http_req_duration{expected_response:true}": {
            "avg": 899.2903,
            "med": 899.2903,
            "p(90)": 899.2903,
            "p(95)": 899.2903,
            "p(99)": 899.2903,
            "max": 899.2903
        },
        "http_req_receiving": {
            "med": 7.2381,
            "p(90)": 7.2381,
            "p(95)": 7.2381,
            "p(99)": 7.2381,
            "max": 7.2381,
            "avg": 7.2381
        },
        "data_received": {
            "count": 822,
            "rate": 907.0338822396366
        },
        "http_req_duration": {
            "avg": 899.2903,
            "med": 899.2903,
            "p(90)": 899.2903,
            "p(95)": 899.2903,
            "p(99)": 899.2903,
            "max": 899.2903,
            "thresholds": {
                "p(95)<1500": false,
                "p(99)<3000": false
            }
        }
    }
}