{
    "root_group": {
        "checks": {},
        "name": "",
        "path": "",
        "id": "d41d8cd98f00b204e9800998ecf8427e",
        "groups": {}
    },
    "metrics": {
        "http_req_waiting": {
            "max": 253.4154,
            "avg": 253.4154,
            "min": 253.4154,
            "med": 253.4154,
            "p(90)": 253.4154,
            "p(95)": 253.4154,
            "p(99)": 253.4154
        },
        "http_reqs": {
            "count": 1,
            "rate": 3.7439497771601093
        },
        "http_req_sending": {
            "p(95)": 0,
            "p(99)": 0,
            "max": 0,
            "avg": 0,
            "min": 0,
            "med": 0,
            "p(90)": 0
        },
        "checks": {
            "fails": 0,
            "passes": 0,
            "thresholds": {
                "rate>0.99": false
            },
            "value": 0
        },
        "data_sent": {
            "count": 215,
            "rate": 804.9492020894235
        },
        "data_received": {
            "count": 9685,
            "rate": 36260.15359179566
        },
        "http_req_duration": {
            "avg": 257.0973,
            "min": 257.0973,
            "med": 257.0973,
            "p(90)": 257.0973,
            "p(95)": 257.0973,
            "p(99)": 257.0973,
            "max": 257.0973,
            "thresholds": {
                "p(95)<1500": false,
                "p(99)<3000": false
            }
        },
        "http_req_blocked": {
            "avg": 2.0055,
            "min": 2.0055,
            "med": 2.0055,
            "p(90)": 2.0055,
            "p(95)": 2.0055,
            "p(99)": 2.0055,
            "max": 2.0055
        },
        "http_req_receiving": {
            "avg": 3.6819,
            "min": 3.6819,
            "med": 3.6819,
            "p(90)": 3.6819,
            "p(95)": 3.6819,
            "p(99)": 3.6819,
            "max": 3.6819
        },
        "http_req_failed": {
            "passes": 1,
            "fails": 0,
            "thresholds": {
                "rate<0.01": true
            },
            "value": 1
        },
        "http_req_connecting": {
            "p(90)": 0.9995,
            "p(95)": 0.9995,
            "p(99)": 0.9995,
            "max": 0.9995,
            "avg": 0.9995,
            "min": 0.9995,
            "med": 0.9995
        },
        "http_req_tls_handshaking": {
            "p(95)": 0,
            "p(99)": 0,
            "max": 0,
            "avg": 0,
            "min": 0,
            "med": 0,
            "p(90)": 0
        }
    }
}